{
  "IsEncrypted": false,
  "Values": {
    "SIGNALR_CONNECTION_STRING": "Endpoint=https://contososignalrexuzq3w3vc.service.signalr.net;AccessKey=0dxRHHEbomaKHaHDiXNqv3iXmtQwR8r74iZdbUsWGz0=;Version=1.0;",
    "WEBSITE_SLOT_NAME": "Production",
    "FUNCTIONS_EXTENSION_VERSION": "~3",
    "WEBSITE_AUTH_ENABLED": "False",
    "WEBSITE_RUN_FROM_PACKAGE": "1",
    "REMOTEDEBUGGINGVERSION": "16.0.30709.132",
    "DiagnosticServices_EXTENSION_VERSION": "~3",
    "APPLICATIONINSIGHTS_CONNECTION_STRING": "InstrumentationKey=e480ed1c-a691-4831-b82f-e4267804e1bd;IngestionEndpoint=https://eastus2-0.in.applicationinsights.azure.com/",
    "FUNCTIONS_RUNTIME_SCALE_MONITORING_ENABLED": "0",
    "APPINSIGHTS_INSTRUMENTATIONKEY": "e480ed1c-a691-4831-b82f-e4267804e1bd",
    "APPINSIGHTS_PROFILERFEATURE_VERSION": "1.0.0",
    "ApplicationInsightsAgent_EXTENSION_VERSION": "~2",
    "ScmType": "None",
    "WEBSITE_AUTH_AUTO_AAD": "False",
    "APPINSIGHTS_CONNECTIONSTRING": "InstrumentationKey=e480ed1c-a691-4831-b82f-e4267804e1bd;IngestionEndpoint=https://eastus2-0.in.applicationinsights.azure.com/",
    "ADT_SERVICE_URL": "https://contosoadtve3exuzq3w3vc.api.eus2.digitaltwins.azure.net",
    "AzureWebJobsStorage": "DefaultEndpointsProtocol=https;AccountName=contosostoreexuzq3w3vc;AccountKey=u9yjKD2pdp5Vb3ZqkrKp4r7oyGywHvhZeBQB/6Pjtq/AjSfCkeqEoIQBQ5SlmPjo9k3KHfb4OKJPaWJgTo8igA==",
    "FUNCTIONS_WORKER_RUNTIME": "dotnet",
    "WEBSITE_SITE_NAME": "contosofuncappexuzq3w3vc",
    "WEBSITE_AUTH_LOGOUT_PATH": "/.auth/logout"
  }
}