{
  "IsEncrypted": false,
  "Values": {
    "WEBSITE_SLOT_NAME": "Production",
    "FUNCTIONS_EXTENSION_VERSION": "~3",
    "WEBSITE_AUTH_ENABLED": "False",
    "WEBSITE_RUN_FROM_PACKAGE": "1",
    "REMOTEDEBUGGINGVERSION": "16.0.30709.132",
    "DiagnosticServices_EXTENSION_VERSION": "~3",
    "APPLICATIONINSIGHTS_CONNECTION_STRING": "InstrumentationKey=ac9d6126-550c-40df-9730-0577cbf64c2a;IngestionEndpoint=https://eastus2-0.in.applicationinsights.azure.com/",
    "FUNCTIONS_RUNTIME_SCALE_MONITORING_ENABLED": "0",
    "APPINSIGHTS_INSTRUMENTATIONKEY": "ac9d6126-550c-40df-9730-0577cbf64c2a",
    "AzureWebJobsDashboard": "DefaultEndpointsProtocol=https;AccountName=unrealpoc2storezv;AccountKey=gncOcWJQYRyBCJIA9+ADyuIoouPd/+YAsXBA2kVa36O43KnYMZhAkhumlhjoV06nnNVsZUOZAB+UiSS3Peb9jw==;EndpointSuffix=core.windows.net",
    "APPINSIGHTS_PROFILERFEATURE_VERSION": "1.0.0",
    "ApplicationInsightsAgent_EXTENSION_VERSION": "~2",
    "ScmType": "None",
    "WEBSITE_AUTH_AUTO_AAD": "False",
    "APPINSIGHTS_CONNECTIONSTRING": "InstrumentationKey=485f1c12-3636-47e5-8b96-c69d2d60979b;IngestionEndpoint=https://eastus2-0.in.applicationinsights.azure.com/",
    "AzureWebJobsStorage": "DefaultEndpointsProtocol=https;AccountName=unrealpoc2storezv;AccountKey=gncOcWJQYRyBCJIA9+ADyuIoouPd/+YAsXBA2kVa36O43KnYMZhAkhumlhjoV06nnNVsZUOZAB+UiSS3Peb9jw==;EndpointSuffix=core.windows.net",
    "EventHubAppSetting-TSI": "Endpoint=sb://unrealsdbehns2.servicebus.windows.net/;SharedAccessKeyName=unrealsdbehtsiauthrule;SharedAccessKey=P/838pGx4Pk5wOr3oQsxr7Xms+6s91fA9hFqXh0LxiA=;EntityPath=unrealsdbehtsi",
    "FUNCTIONS_WORKER_RUNTIME": "dotnet",
    "WEBSITE_SITE_NAME": "UnrealTSIApp",
    "EventHubAppSetting-Twins": "Endpoint=sb://unrealsdbehns2.servicebus.windows.net/;SharedAccessKeyName=unrealsdbehtwinauthrule;SharedAccessKey=tFGviK6wvM3fQTKYLjmGLzJLv0j8daXXrwmq1XJAdzw=;EntityPath=unrealsdbehtwin",
    "WEBSITE_AUTH_LOGOUT_PATH": "/.auth/logout"
  }
}